atomic_number,symbol,name,period,group,block,category,state_at_room_temp,protons,electrons_neutral,max_elements_in_period,fact,google_search_url
1,H,Hydrogen,1,1,s,nonmetal,gas,1,1,2,Hydrogen is element #1 on the periodic table.,https://www.google.com/search?q=Hydrogen+element
2,He,Helium,1,18,p,noble gas,gas,2,2,2,Helium is element #2 on the periodic table.,https://www.google.com/search?q=Helium+element
3,Li,Lithium,2,1,s,alkali metal,solid,3,3,8,Lithium is element #3 on the periodic table.,https://www.google.com/search?q=Lithium+element
4,Be,Beryllium,2,2,s,alkaline earth metal,solid,4,4,8,Beryllium is element #4 on the periodic table.,https://www.google.com/search?q=Beryllium+element
5,B,Boron,2,13,p,metalloid,solid,5,5,8,Boron is element #5 on the periodic table.,https://www.google.com/search?q=Boron+element
6,C,Carbon,2,14,p,nonmetal,solid,6,6,8,Carbon is element #6 on the periodic table.,https://www.google.com/search?q=Carbon+element
7,N,Nitrogen,2,15,p,nonmetal,gas,7,7,8,Nitrogen is element #7 on the periodic table.,https://www.google.com/search?q=Nitrogen+element
8,O,Oxygen,2,16,p,nonmetal,gas,8,8,8,Oxygen is element #8 on the periodic table.,https://www.google.com/search?q=Oxygen+element
9,F,Fluorine,2,17,p,halogen,gas,9,9,8,Fluorine is element #9 on the periodic table.,https://www.google.com/search?q=Fluorine+element
10,Ne,Neon,2,18,p,noble gas,gas,10,10,8,Neon is element #10 on the periodic table.,https://www.google.com/search?q=Neon+element
11,Na,Sodium,3,1,s,alkali metal,solid,11,11,8,Sodium is element #11 on the periodic table.,https://www.google.com/search?q=Sodium+element
12,Mg,Magnesium,3,2,s,alkaline earth metal,solid,12,12,8,Magnesium is element #12 on the periodic table.,https://www.google.com/search?q=Magnesium+element
13,Al,Aluminium,3,13,p,post-transition metal,solid,13,13,8,Aluminium is element #13 on the periodic table.,https://www.google.com/search?q=Aluminium+element
14,Si,Silicon,3,14,p,metalloid,solid,14,14,8,Silicon is element #14 on the periodic table.,https://www.google.com/search?q=Silicon+element
15,P,Phosphorus,3,15,p,nonmetal,solid,15,15,8,Phosphorus is element #15 on the periodic table.,https://www.google.com/search?q=Phosphorus+element
16,S,Sulfur,3,16,p,nonmetal,solid,16,16,8,Sulfur is element #16 on the periodic table.,https://www.google.com/search?q=Sulfur+element
17,Cl,Chlorine,3,17,p,halogen,gas,17,17,8,Chlorine is element #17 on the periodic table.,https://www.google.com/search?q=Chlorine+element
18,Ar,Argon,3,18,p,noble gas,gas,18,18,8,Argon is element #18 on the periodic table.,https://www.google.com/search?q=Argon+element
19,K,Potassium,4,1,s,alkali metal,solid,19,19,18,Potassium is element #19 on the periodic table.,https://www.google.com/search?q=Potassium+element
20,Ca,Calcium,4,2,s,alkaline earth metal,solid,20,20,18,Calcium is element #20 on the periodic table.,https://www.google.com/search?q=Calcium+element
21,Sc,Scandium,4,3,d,transition metal,solid,21,21,18,Scandium is element #21 on the periodic table.,https://www.google.com/search?q=Scandium+element
22,Ti,Titanium,4,4,d,transition metal,solid,22,22,18,Titanium is element #22 on the periodic table.,https://www.google.com/search?q=Titanium+element
23,V,Vanadium,4,5,d,transition metal,solid,23,23,18,Vanadium is element #23 on the periodic table.,https://www.google.com/search?q=Vanadium+element
24,Cr,Chromium,4,6,d,transition metal,solid,24,24,18,Chromium is element #24 on the periodic table.,https://www.google.com/search?q=Chromium+element
25,Mn,Manganese,4,7,d,transition metal,solid,25,25,18,Manganese is element #25 on the periodic table.,https://www.google.com/search?q=Manganese+element
26,Fe,Iron,4,8,d,transition metal,solid,26,26,18,Iron is element #26 on the periodic table.,https://www.google.com/search?q=Iron+element
27,Co,Cobalt,4,9,d,transition metal,solid,27,27,18,Cobalt is element #27 on the periodic table.,https://www.google.com/search?q=Cobalt+element
28,Ni,Nickel,4,10,d,transition metal,solid,28,28,18,Nickel is element #28 on the periodic table.,https://www.google.com/search?q=Nickel+element
29,Cu,Copper,4,11,d,transition metal,solid,29,29,18,Copper is element #29 on the periodic table.,https://www.google.com/search?q=Copper+element
30,Zn,Zinc,4,12,d,transition metal,solid,30,30,18,Zinc is element #30 on the periodic table.,https://www.google.com/search?q=Zinc+element
31,Ga,Gallium,4,13,p,post-transition metal,solid,31,31,18,Gallium is element #31 on the periodic table.,https://www.google.com/search?q=Gallium+element
32,Ge,Germanium,4,14,p,metalloid,solid,32,32,18,Germanium is element #32 on the periodic table.,https://www.google.com/search?q=Germanium+element
33,As,Arsenic,4,15,p,metalloid,solid,33,33,18,Arsenic is element #33 on the periodic table.,https://www.google.com/search?q=Arsenic+element
34,Se,Selenium,4,16,p,nonmetal,solid,34,34,18,Selenium is element #34 on the periodic table.,https://www.google.com/search?q=Selenium+element
35,Br,Bromine,4,17,p,halogen,liquid,35,35,18,Bromine is element #35 on the periodic table.,https://www.google.com/search?q=Bromine+element
36,Kr,Krypton,4,18,p,noble gas,gas,36,36,18,Krypton is element #36 on the periodic table.,https://www.google.com/search?q=Krypton+element
37,Rb,Rubidium,5,1,s,alkali metal,solid,37,37,18,Rubidium is element #37 on the periodic table.,https://www.google.com/search?q=Rubidium+element
38,Sr,Strontium,5,2,s,alkaline earth metal,solid,38,38,18,Strontium is element #38 on the periodic table.,https://www.google.com/search?q=Strontium+element
39,Y,Yttrium,5,3,d,transition metal,solid,39,39,18,Yttrium is element #39 on the periodic table.,https://www.google.com/search?q=Yttrium+element
40,Zr,Zirconium,5,4,d,transition metal,solid,40,40,18,Zirconium is element #40 on the periodic table.,https://www.google.com/search?q=Zirconium+element
41,Nb,Niobium,5,5,d,transition metal,solid,41,41,18,Niobium is element #41 on the periodic table.,https://www.google.com/search?q=Niobium+element
42,Mo,Molybdenum,5,6,d,transition metal,solid,42,42,18,Molybdenum is element #42 on the periodic table.,https://www.google.com/search?q=Molybdenum+element
43,Tc,Technetium,5,7,d,transition metal,solid,43,43,18,Technetium is element #43 on the periodic table.,https://www.google.com/search?q=Technetium+element
44,Ru,Ruthenium,5,8,d,transition metal,solid,44,44,18,Ruthenium is element #44 on the periodic table.,https://www.google.com/search?q=Ruthenium+element
45,Rh,Rhodium,5,9,d,transition metal,solid,45,45,18,Rhodium is element #45 on the periodic table.,https://www.google.com/search?q=Rhodium+element
46,Pd,Palladium,5,10,d,transition metal,solid,46,46,18,Palladium is element #46 on the periodic table.,https://www.google.com/search?q=Palladium+element
47,Ag,Silver,5,11,d,transition metal,solid,47,47,18,Silver is element #47 on the periodic table.,https://www.google.com/search?q=Silver+element
48,Cd,Cadmium,5,12,d,transition metal,solid,48,48,18,Cadmium is element #48 on the periodic table.,https://www.google.com/search?q=Cadmium+element
49,In,Indium,5,13,p,post-transition metal,solid,49,49,18,Indium is element #49 on the periodic table.,https://www.google.com/search?q=Indium+element
50,Sn,Tin,5,14,p,post-transition metal,solid,50,50,18,Tin is element #50 on the periodic table.,https://www.google.com/search?q=Tin+element
51,Sb,Antimony,5,15,p,metalloid,solid,51,51,18,Antimony is element #51 on the periodic table.,https://www.google.com/search?q=Antimony+element
52,Te,Tellurium,5,16,p,metalloid,solid,52,52,18,Tellurium is element #52 on the periodic table.,https://www.google.com/search?q=Tellurium+element
53,I,Iodine,5,17,p,halogen,solid,53,53,18,Iodine is element #53 on the periodic table.,https://www.google.com/search?q=Iodine+element
54,Xe,Xenon,5,18,p,noble gas,gas,54,54,18,Xenon is element #54 on the periodic table.,https://www.google.com/search?q=Xenon+element
55,Cs,Cesium,6,1,s,alkali metal,solid,55,55,32,Cesium is element #55 on the periodic table.,https://www.google.com/search?q=Cesium+element
56,Ba,Barium,6,2,s,alkaline earth metal,solid,56,56,32,Barium is element #56 on the periodic table.,https://www.google.com/search?q=Barium+element
57,La,Lanthanum,6,3,f,lanthanide,solid,57,57,32,Lanthanum is element #57 on the periodic table.,https://www.google.com/search?q=Lanthanum+element
58,Ce,Cerium,6,3,f,lanthanide,solid,58,58,32,Cerium is element #58 on the periodic table.,https://www.google.com/search?q=Cerium+element
59,Pr,Praseodymium,6,3,f,lanthanide,solid,59,59,32,Praseodymium is element #59 on the periodic table.,https://www.google.com/search?q=Praseodymium+element
60,Nd,Neodymium,6,3,f,lanthanide,solid,60,60,32,Neodymium is element #60 on the periodic table.,https://www.google.com/search?q=Neodymium+element
61,Pm,Promethium,6,3,f,lanthanide,solid,61,61,32,Promethium is element #61 on the periodic table.,https://www.google.com/search?q=Promethium+element
62,Sm,Samarium,6,3,f,lanthanide,solid,62,62,32,Samarium is element #62 on the periodic table.,https://www.google.com/search?q=Samarium+element
63,Eu,Europium,6,3,f,lanthanide,solid,63,63,32,Europium is element #63 on the periodic table.,https://www.google.com/search?q=Europium+element
64,Gd,Gadolinium,6,3,f,lanthanide,solid,64,64,32,Gadolinium is element #64 on the periodic table.,https://www.google.com/search?q=Gadolinium+element
65,Tb,Terbium,6,3,f,lanthanide,solid,65,65,32,Terbium is element #65 on the periodic table.,https://www.google.com/search?q=Terbium+element
66,Dy,Dysprosium,6,3,f,lanthanide,solid,66,66,32,Dysprosium is element #66 on the periodic table.,https://www.google.com/search?q=Dysprosium+element
67,Ho,Holmium,6,3,f,lanthanide,solid,67,67,32,Holmium is element #67 on the periodic table.,https://www.google.com/search?q=Holmium+element
68,Er,Erbium,6,3,f,lanthanide,solid,68,68,32,Erbium is element #68 on the periodic table.,https://www.google.com/search?q=Erbium+element
69,Tm,Thulium,6,3,f,lanthanide,solid,69,69,32,Thulium is element #69 on the periodic table.,https://www.google.com/search?q=Thulium+element
70,Yb,Ytterbium,6,3,f,lanthanide,solid,70,70,32,Ytterbium is element #70 on the periodic table.,https://www.google.com/search?q=Ytterbium+element
71,Lu,Lutetium,6,3,f,lanthanide,solid,71,71,32,Lutetium is element #71 on the periodic table.,https://www.google.com/search?q=Lutetium+element
72,Hf,Hafnium,6,4,d,transition metal,solid,72,72,32,Hafnium is element #72 on the periodic table.,https://www.google.com/search?q=Hafnium+element
73,Ta,Tantalum,6,5,d,transition metal,solid,73,73,32,Tantalum is element #73 on the periodic table.,https://www.google.com/search?q=Tantalum+element
74,W,Tungsten,6,6,d,transition metal,solid,74,74,32,Tungsten is element #74 on the periodic table.,https://www.google.com/search?q=Tungsten+element
75,Re,Rhenium,6,7,d,transition metal,solid,75,75,32,Rhenium is element #75 on the periodic table.,https://www.google.com/search?q=Rhenium+element
76,Os,Osmium,6,8,d,transition metal,solid,76,76,32,Osmium is element #76 on the periodic table.,https://www.google.com/search?q=Osmium+element
77,Ir,Iridium,6,9,d,transition metal,solid,77,77,32,Iridium is element #77 on the periodic table.,https://www.google.com/search?q=Iridium+element
78,Pt,Platinum,6,10,d,transition metal,solid,78,78,32,Platinum is element #78 on the periodic table.,https://www.google.com/search?q=Platinum+element
79,Au,Gold,6,11,d,transition metal,solid,79,79,32,Gold is element #79 on the periodic table.,https://www.google.com/search?q=Gold+element
80,Hg,Mercury,6,12,d,transition metal,liquid,80,80,32,Mercury is element #80 on the periodic table.,https://www.google.com/search?q=Mercury+element
81,Tl,Thallium,6,13,p,post-transition metal,solid,81,81,32,Thallium is element #81 on the periodic table.,https://www.google.com/search?q=Thallium+element
82,Pb,Lead,6,14,p,post-transition metal,solid,82,82,32,Lead is element #82 on the periodic table.,https://www.google.com/search?q=Lead+element
83,Bi,Bismuth,6,15,p,post-transition metal,solid,83,83,32,Bismuth is element #83 on the periodic table.,https://www.google.com/search?q=Bismuth+element
84,Po,Polonium,6,16,p,metalloid,solid,84,84,32,Polonium is element #84 on the periodic table.,https://www.google.com/search?q=Polonium+element
85,At,Astatine,6,17,p,halogen,solid,85,85,32,Astatine is element #85 on the periodic table.,https://www.google.com/search?q=Astatine+element
86,Rn,Radon,6,18,p,noble gas,gas,86,86,32,Radon is element #86 on the periodic table.,https://www.google.com/search?q=Radon+element
87,Fr,Francium,7,1,s,alkali metal,solid,87,87,32,Francium is element #87 on the periodic table.,https://www.google.com/search?q=Francium+element
88,Ra,Radium,7,2,s,alkaline earth metal,solid,88,88,32,Radium is element #88 on the periodic table.,https://www.google.com/search?q=Radium+element
89,Ac,Actinium,7,3,f,actinide,solid,89,89,32,Actinium is element #89 on the periodic table.,https://www.google.com/search?q=Actinium+element
90,Th,Thorium,7,3,f,actinide,solid,90,90,32,Thorium is element #90 on the periodic table.,https://www.google.com/search?q=Thorium+element
91,Pa,Protactinium,7,3,f,actinide,solid,91,91,32,Protactinium is element #91 on the periodic table.,https://www.google.com/search?q=Protactinium+element
92,U,Uranium,7,3,f,actinide,solid,92,92,32,Uranium is element #92 on the periodic table.,https://www.google.com/search?q=Uranium+element
93,Np,Neptunium,7,3,f,actinide,solid,93,93,32,Neptunium is element #93 on the periodic table.,https://www.google.com/search?q=Neptunium+element
94,Pu,Plutonium,7,3,f,actinide,solid,94,94,32,Plutonium is element #94 on the periodic table.,https://www.google.com/search?q=Plutonium+element
95,Am,Americium,7,3,f,actinide,solid,95,95,32,Americium is element #95 on the periodic table.,https://www.google.com/search?q=Americium+element
96,Cm,Curium,7,3,f,actinide,solid,96,96,32,Curium is element #96 on the periodic table.,https://www.google.com/search?q=Curium+element
97,Bk,Berkelium,7,3,f,actinide,solid,97,97,32,Berkelium is element #97 on the periodic table.,https://www.google.com/search?q=Berkelium+element
98,Cf,Californium,7,3,f,actinide,solid,98,98,32,Californium is element #98 on the periodic table.,https://www.google.com/search?q=Californium+element
99,Es,Einsteinium,7,3,f,actinide,solid,99,99,32,Einsteinium is element #99 on the periodic table.,https://www.google.com/search?q=Einsteinium+element
100,Fm,Fermium,7,3,f,actinide,solid,100,100,32,Fermium is element #100 on the periodic table.,https://www.google.com/search?q=Fermium+element
101,Md,Mendelevium,7,3,f,actinide,solid,101,101,32,Mendelevium is element #101 on the periodic table.,https://www.google.com/search?q=Mendelevium+element
102,No,Nobelium,7,3,f,actinide,solid,102,102,32,Nobelium is element #102 on the periodic table.,https://www.google.com/search?q=Nobelium+element
103,Lr,Lawrencium,7,3,f,actinide,solid,103,103,32,Lawrencium is element #103 on the periodic table.,https://www.google.com/search?q=Lawrencium+element
104,Rf,Rutherfordium,7,4,d,transition metal,unknown,104,104,32,Rutherfordium is element #104 on the periodic table.,https://www.google.com/search?q=Rutherfordium+element
105,Db,Dubnium,7,5,d,transition metal,unknown,105,105,32,Dubnium is element #105 on the periodic table.,https://www.google.com/search?q=Dubnium+element
106,Sg,Seaborgium,7,6,d,transition metal,unknown,106,106,32,Seaborgium is element #106 on the periodic table.,https://www.google.com/search?q=Seaborgium+element
107,Bh,Bohrium,7,7,d,transition metal,unknown,107,107,32,Bohrium is element #107 on the periodic table.,https://www.google.com/search?q=Bohrium+element
108,Hs,Hassium,7,8,d,transition metal,unknown,108,108,32,Hassium is element #108 on the periodic table.,https://www.google.com/search?q=Hassium+element
109,Mt,Meitnerium,7,9,d,unknown,unknown,109,109,32,Meitnerium is element #109 on the periodic table.,https://www.google.com/search?q=Meitnerium+element
110,Ds,Darmstadtium,7,10,d,unknown,unknown,110,110,32,Darmstadtium is element #110 on the periodic table.,https://www.google.com/search?q=Darmstadtium+element
111,Rg,Roentgenium,7,11,d,unknown,unknown,111,111,32,Roentgenium is element #111 on the periodic table.,https://www.google.com/search?q=Roentgenium+element
112,Cn,Copernicium,7,12,d,transition metal,unknown,112,112,32,Copernicium is element #112 on the periodic table.,https://www.google.com/search?q=Copernicium+element
113,Nh,Nihonium,7,13,p,post-transition metal,unknown,113,113,32,Nihonium is element #113 on the periodic table.,https://www.google.com/search?q=Nihonium+element
114,Fl,Flerovium,7,14,p,post-transition metal,unknown,114,114,32,Flerovium is element #114 on the periodic table.,https://www.google.com/search?q=Flerovium+element
115,Mc,Moscovium,7,15,p,post-transition metal,unknown,115,115,32,Moscovium is element #115 on the periodic table.,https://www.google.com/search?q=Moscovium+element
116,Lv,Livermorium,7,16,p,post-transition metal,unknown,116,116,32,Livermorium is element #116 on the periodic table.,https://www.google.com/search?q=Livermorium+element
117,Ts,Tennessine,7,17,p,halogen,unknown,117,117,32,Tennessine is element #117 on the periodic table.,https://www.google.com/search?q=Tennessine+element
118,Og,Oganesson,7,18,p,noble gas,unknown,118,118,32,Oganesson is element #118 on the periodic table.,https://www.google.com/search?q=Oganesson+element
