name_common,name_official,usps,capital,region,subregion,population_approx,area_sq_mi,area_sq_km,population_density_per_sq_mi,statehood_year,biggest_city,biggest_city_population,state_fact,google_maps_url
Alabama,State of Alabama,AL,Montgomery,Americas,United States South,5024000,52420,135767.3,95.8,1819,Huntsville,215000,Home of the U S Space and Rocket Center,https://www.google.com/maps/place/Alabama
Alaska,State of Alaska,AK,Juneau,Americas,United States West,733000,665384,1723337.9,1.1,1959,Anchorage,291000,Has more coastline than the rest of the U S combined,https://www.google.com/maps/place/Alaska
Arizona,State of Arizona,AZ,Phoenix,Americas,United States West,7151000,113990,295233.0,62.7,1912,Phoenix,1608000,Contains much of the Grand Canyon,https://www.google.com/maps/place/Arizona
Arkansas,State of Arkansas,AR,Little Rock,Americas,United States South,3011000,53179,137733.1,56.6,1836,Little Rock,202000,Known for hot springs and diamond hunting,https://www.google.com/maps/place/Arkansas
California,State of California,CA,Sacramento,Americas,United States West,39538000,163695,423968.4,241.5,1850,Los Angeles,3898000,Largest state economy in the U S,https://www.google.com/maps/place/California
Colorado,State of Colorado,CO,Denver,Americas,United States West,5773000,104094,269602.4,55.5,1876,Denver,715000,Has 58 mountain peaks above 14000 feet,https://www.google.com/maps/place/Colorado
Connecticut,State of Connecticut,CT,Hartford,Americas,United States Northeast,3605000,5543,14356.3,650.4,1788,Bridgeport,148000,Called the Constitution State,https://www.google.com/maps/place/Connecticut
Delaware,State of Delaware,DE,Dover,Americas,United States South,989000,2489,6446.5,397.3,1787,Wilmington,70000,First state to ratify the U S Constitution,https://www.google.com/maps/place/Delaware
Florida,State of Florida,FL,Tallahassee,Americas,United States South,21538000,65758,170312.6,327.5,1845,Jacksonville,949000,Has the longest coastline in the contiguous U S,https://www.google.com/maps/place/Florida
Georgia,State of Georgia,GA,Atlanta,Americas,United States South,10711000,59425,153910.2,180.2,1788,Atlanta,498000,Known as the Peach State,https://www.google.com/maps/place/Georgia
Hawaii,State of Hawaii,HI,Honolulu,Americas,United States West,1455000,10932,28313.8,133.1,1959,Honolulu,350000,Only U S state made entirely of islands,https://www.google.com/maps/place/Hawaii
Idaho,State of Idaho,ID,Boise,Americas,United States West,1839000,83569,216442.9,22.0,1890,Boise,235000,Famous for potatoes and rugged mountains,https://www.google.com/maps/place/Idaho
Illinois,State of Illinois,IL,Springfield,Americas,United States Midwest,12812000,57914,149996.7,221.2,1818,Chicago,2746000,Chicago is one of the largest U S cities,https://www.google.com/maps/place/Illinois
Indiana,State of Indiana,IN,Indianapolis,Americas,United States Midwest,6785000,36420,94327.4,186.3,1816,Indianapolis,887000,Hosts the Indianapolis 500 race,https://www.google.com/maps/place/Indiana
Iowa,State of Iowa,IA,Des Moines,Americas,United States Midwest,3190000,56273,145746.5,56.7,1846,Des Moines,214000,Leads in corn and pork production,https://www.google.com/maps/place/Iowa
Kansas,State of Kansas,KS,Topeka,Americas,United States Midwest,2937000,82278,213099.2,35.7,1861,Wichita,397000,Known for prairie landscapes and wheat,https://www.google.com/maps/place/Kansas
Kentucky,Commonwealth of Kentucky,KY,Frankfort,Americas,United States South,4505000,40408,104656.3,111.5,1792,Louisville,633000,Home of the Kentucky Derby,https://www.google.com/maps/place/Kentucky
Louisiana,State of Louisiana,LA,Baton Rouge,Americas,United States South,4657000,52378,135658.5,88.9,1812,New Orleans,383000,Famous for jazz and Cajun Creole culture,https://www.google.com/maps/place/Louisiana
Maine,State of Maine,ME,Augusta,Americas,United States Northeast,1362000,35380,91633.8,38.5,1820,Portland,68000,Known for rocky coastlines and lobster,https://www.google.com/maps/place/Maine
Maryland,State of Maryland,MD,Annapolis,Americas,United States South,6177000,12406,32131.4,497.9,1788,Baltimore,585000,Nicknamed America in Miniature,https://www.google.com/maps/place/Maryland
Massachusetts,Commonwealth of Massachusetts,MA,Boston,Americas,United States Northeast,7029000,10554,27334.8,666.0,1788,Boston,675000,Key site of the American Revolution,https://www.google.com/maps/place/Massachusetts
Michigan,State of Michigan,MI,Lansing,Americas,United States Midwest,10077000,96714,250488.3,104.2,1837,Detroit,639000,Has the longest freshwater coastline in the U S,https://www.google.com/maps/place/Michigan
Minnesota,State of Minnesota,MN,Saint Paul,Americas,United States Midwest,5706000,86936,225163.4,65.6,1858,Minneapolis,429000,Called the Land of 10000 Lakes,https://www.google.com/maps/place/Minnesota
Mississippi,State of Mississippi,MS,Jackson,Americas,United States South,2961000,48432,125438.4,61.1,1817,Jackson,153000,Named after the Mississippi River,https://www.google.com/maps/place/Mississippi
Missouri,State of Missouri,MO,Jefferson City,Americas,United States Midwest,6154000,69707,180540.4,88.3,1821,Kansas City,508000,Gateway Arch stands in St Louis,https://www.google.com/maps/place/Missouri
Montana,State of Montana,MT,Helena,Americas,United States West,1084000,147040,380832.1,7.4,1889,Billings,117000,Known as Big Sky Country,https://www.google.com/maps/place/Montana
Nebraska,State of Nebraska,NE,Lincoln,Americas,United States Midwest,1961000,77348,200330.5,25.4,1867,Omaha,486000,Strong agriculture and Great Plains geography,https://www.google.com/maps/place/Nebraska
Nevada,State of Nevada,NV,Carson City,Americas,United States West,3104000,110572,286380.4,28.1,1864,Las Vegas,641000,Contains most of Lake Tahoe shoreline in Nevada side,https://www.google.com/maps/place/Nevada
New Hampshire,State of New Hampshire,NH,Concord,Americas,United States Northeast,1377000,9349,24213.8,147.3,1788,Manchester,115000,Motto is Live Free or Die,https://www.google.com/maps/place/New%20Hampshire
New Jersey,State of New Jersey,NJ,Trenton,Americas,United States Northeast,9288000,8723,22592.5,1064.8,1787,Newark,311000,One of the most densely populated states,https://www.google.com/maps/place/New%20Jersey
New Mexico,State of New Mexico,NM,Santa Fe,Americas,United States West,2117000,121590,314916.9,17.4,1912,Albuquerque,564000,Known for adobe architecture and high desert,https://www.google.com/maps/place/New%20Mexico
New York,State of New York,NY,Albany,Americas,United States Northeast,20201000,54555,141296.9,370.3,1788,New York City,8804000,Home to the largest U S city by population,https://www.google.com/maps/place/New%20York
North Carolina,State of North Carolina,NC,Raleigh,Americas,United States South,10439000,53819,139390.7,194.0,1789,Charlotte,874000,First in Flight appears on license plates,https://www.google.com/maps/place/North%20Carolina
North Dakota,State of North Dakota,ND,Bismarck,Americas,United States Midwest,779000,70698,183107.1,11.0,1889,Fargo,125000,Major producer of wheat and energy,https://www.google.com/maps/place/North%20Dakota
Ohio,State of Ohio,OH,Columbus,Americas,United States Midwest,11799000,44826,116098.9,263.2,1803,Columbus,905000,Birthplace of many U S astronauts,https://www.google.com/maps/place/Ohio
Oklahoma,State of Oklahoma,OK,Oklahoma City,Americas,United States South,3959000,69899,181037.7,56.6,1907,Oklahoma City,681000,Name comes from Choctaw words for red people,https://www.google.com/maps/place/Oklahoma
Oregon,State of Oregon,OR,Salem,Americas,United States West,4237000,98379,254800.6,43.1,1859,Portland,652000,Known for forests and Pacific coastline,https://www.google.com/maps/place/Oregon
Pennsylvania,Commonwealth of Pennsylvania,PA,Harrisburg,Americas,United States Northeast,13002000,46054,119279.4,282.3,1787,Philadelphia,1603000,Declaration and Constitution links to Philadelphia history,https://www.google.com/maps/place/Pennsylvania
Rhode Island,State of Rhode Island,RI,Providence,Americas,United States Northeast,1097000,1545,4001.5,710.0,1790,Providence,190000,Smallest U S state by area,https://www.google.com/maps/place/Rhode%20Island
South Carolina,State of South Carolina,SC,Columbia,Americas,United States South,5118000,32020,82931.5,159.8,1788,Charleston,150000,Has historic Atlantic port cities,https://www.google.com/maps/place/South%20Carolina
South Dakota,State of South Dakota,SD,Pierre,Americas,United States Midwest,886000,77116,199729.7,11.5,1889,Sioux Falls,192000,Mount Rushmore is in the Black Hills,https://www.google.com/maps/place/South%20Dakota
Tennessee,State of Tennessee,TN,Nashville,Americas,United States South,6910000,42144,109152.5,164.0,1796,Nashville,689000,Known for country music and the Smokies,https://www.google.com/maps/place/Tennessee
Texas,State of Texas,TX,Austin,Americas,United States South,29145000,268596,695661.0,108.5,1845,Houston,2304000,Second largest U S state by area and population,https://www.google.com/maps/place/Texas
Utah,State of Utah,UT,Salt Lake City,Americas,United States West,3271000,84897,219882.4,38.5,1896,Salt Lake City,199000,Home to five U S national parks,https://www.google.com/maps/place/Utah
Vermont,State of Vermont,VT,Montpelier,Americas,United States Northeast,643000,9616,24905.3,66.9,1791,Burlington,44000,Montpelier is the smallest U S state capital,https://www.google.com/maps/place/Vermont
Virginia,Commonwealth of Virginia,VA,Richmond,Americas,United States South,8631000,42775,110786.8,201.8,1788,Virginia Beach,459000,Known as the Old Dominion,https://www.google.com/maps/place/Virginia
Washington,State of Washington,WA,Olympia,Americas,United States West,7705000,71298,184661.1,108.1,1889,Seattle,737000,Known for technology and evergreen forests,https://www.google.com/maps/place/Washington
West Virginia,State of West Virginia,WV,Charleston,Americas,United States South,1793000,24230,62755.5,74.0,1863,Charleston,48000,Formed during the Civil War in 1863,https://www.google.com/maps/place/West%20Virginia
Wisconsin,State of Wisconsin,WI,Madison,Americas,United States Midwest,5893000,65496,169634.0,90.0,1848,Milwaukee,577000,Famous for dairy production and cheese,https://www.google.com/maps/place/Wisconsin
Wyoming,State of Wyoming,WY,Cheyenne,Americas,United States West,576000,97813,253334.7,5.9,1890,Cheyenne,65000,First state to grant women the right to vote,https://www.google.com/maps/place/Wyoming
